<?xml version="1.0" encoding="UTF-8"?>

<beans>
	<!-- console -->
	<bean id="consoleDAO" class="com.xbox.consoleDAO">
		<constructor-arg name="dsn"><value>${dsn}</value></constructor-arg>
	</bean>
	<bean id="consoleGateway" class="com.xbox.consoleGateway">
		<constructor-arg name="dsn"><value>${dsn}</value></constructor-arg>
	</bean>
	<bean id="consoleService" class="com.xbox.consoleService">
		<constructor-arg name="consoleDAO">
			<ref bean="consoleDAO"/>
		</constructor-arg>
		<constructor-arg name="consoleGateway">
			<ref bean="consoleGateway"/>
		</constructor-arg>
		<constructor-arg name="controlDAO">
			<ref bean="controlDAO"/>
		</constructor-arg>
		<constructor-arg name="controlGateway">
			<ref bean="controlGateway"/>
		</constructor-arg>
		<constructor-arg name="accessoryDAO">
			<ref bean="accessoryDAO"/>
		</constructor-arg>
		<constructor-arg name="accessoryGateway">
			<ref bean="accessoryGateway"/>
		</constructor-arg>
		<constructor-arg name="gameDAO">
			<ref bean="gameDAO"/>
		</constructor-arg>
		<constructor-arg name="gameGateway">
			<ref bean="gameGateway"/>
		</constructor-arg>
	</bean>
	<!-- accessory -->
	<bean id="accessoryDAO" class="com.xbox.accessories.accessoryDAO">
		<constructor-arg name="dsn"><value>${dsn}</value></constructor-arg>
	</bean>
	<bean id="accessoryGateway" class="com.xbox.accessories.accessoryGateway">
		<constructor-arg name="dsn"><value>${dsn}</value></constructor-arg>
	</bean>
	<!-- control -->
	<bean id="controlDAO" class="com.xbox.controls.controlDAO">
		<constructor-arg name="dsn"><value>${dsn}</value></constructor-arg>
	</bean>
	<bean id="controlGateway" class="com.xbox.controls.controlGateway">
		<constructor-arg name="dsn"><value>${dsn}</value></constructor-arg>
	</bean>
	<!-- game -->
	<bean id="gameDAO" class="com.xbox.games.gameDAO">
		<constructor-arg name="dsn"><value>${dsn}</value></constructor-arg>
	</bean>
	<bean id="gameGateway" class="com.xbox.games.gameGateway">
		<constructor-arg name="dsn"><value>${dsn}</value></constructor-arg>
	</bean>
</beans>